{
  "parent": "minecraft:recipes/root",
  "rewards": {
    "recipes": [
      "recipe_tweaks:bundle"
    ]
  },
  "criteria": {
    "has_items": {
      "trigger": "minecraft:inventory_changed",
      "conditions": {
        "items": [
          {
            "items": [
              "minecraft:rabbit_hide",
			  "minecraft:string",
			  "minecraft:bundle"
            ]
          }
        ]
      }
    },
    "has_the_recipe": {
      "trigger": "minecraft:recipe_unlocked",
      "conditions": {
        "recipe": "recipe_tweaks:bundle"
      }
    }
  },
  "requirements": [
    [
      "has_items",
      "has_the_recipe"
    ]
  ]
}