{
  "parent": "minecraft:recipes/root",
  "rewards": {
    "recipes": [
      "recipe_tweaks:prismarine_brick_slab_from_prismarine_stonecutting",
	  "recipe_tweaks:prismarine_brick_stairs_from_prismarine_stonecutting",
	  "recipe_tweaks:prismarine_bricks_from_prismarine_stonecutting"
    ]
  },
  "criteria": {
    "has_prismarine_brick": {
      "trigger": "minecraft:inventory_changed",
      "conditions": {
        "items": [
          {
            "items": [
              "minecraft:prismarine"
            ]
          }
        ]
      }
    },
    "has_the_slab_recipe": {
      "trigger": "minecraft:recipe_unlocked",
      "conditions": {
        "recipe": "recipe_tweaks:prismarine_brick_slab_from_prismarine_stonecutting"
      }
    },
    "has_the_stairs_recipe": {
      "trigger": "minecraft:recipe_unlocked",
      "conditions": {
        "recipe": "recipe_tweaks:prismarine_brick_stairs_from_prismarine_stonecutting"
      }
    },
    "has_the_bricks_recipe": {
      "trigger": "minecraft:recipe_unlocked",
      "conditions": {
        "recipe": "recipe_tweaks:prismarine_bricks_from_prismarine_stonecutting"
      }
    }
  },
  "requirements": [
    [
      "has_prismarine_brick",
      "has_the_slab_recipe",
	  "has_the_bricks_recipe",
	  "has_the_stairs_recipe"
    ]
  ]
}