{
  "parent": "minecraft:recipes/root",
  "rewards": {
    "recipes": [
      "recipe_tweaks:white_concrete"
    ]
  },
  "criteria": {
    "has_water_bucket": {
      "trigger": "minecraft:inventory_changed",
      "conditions": {
        "items": [
          {
            "items": [
              "minecraft:water_bucket"
            ]
          }
        ]
      }
    },
    "has_white_concrete_powder": {
      "trigger": "minecraft:inventory_changed",
      "conditions": {
        "items": [
          {
            "items": [
              "minecraft:white_concrete_powder"
            ]
          }
        ]
      }
    },
    "has_the_recipe": {
      "trigger": "minecraft:recipe_unlocked",
      "conditions": {
        "recipe": "recipe_tweaks:white_concrete"
      }
    }
  },
  "requirements": [
    [
      "has_water_bucket",
      "has_white_concrete_powder",
      "has_the_recipe"
    ]
  ]
}