{
  "parent": "minecraft:recipes/root",
  "rewards": {
    "recipes": [
      "recipe_tweaks:paper_from_maps"
    ]
  },
  "criteria": {
    "has_map": {
      "trigger": "minecraft:inventory_changed",
      "conditions": {
        "items": [
          {
            "items": [
			  "minecraft:filled_map"
            ]
          }
        ]
      }
    },
    "has_the_recipe": {
      "trigger": "minecraft:recipe_unlocked",
      "conditions": {
        "recipe": "recipe_tweaks:paper_from_maps"
      }
    }
  },
  "requirements": [
    [
      "has_map",
      "has_the_recipe"
    ]
  ]
}