{
  "parent": "minecraft:recipes/root",
  "rewards": {
    "recipes": [
      "recipe_tweaks:red_dye_from_weeping_vines"
    ]
  },
  "criteria": {
    "has_weeping_vines": {
      "trigger": "minecraft:inventory_changed",
      "conditions": {
        "items": [
          {
            "items": [
              "minecraft:weeping_vines"
            ]
          }
        ]
      }
    },
    "has_the_recipe": {
      "trigger": "minecraft:recipe_unlocked",
      "conditions": {
        "recipe": "recipe_tweaks:red_dye_from_weeping_vines"
      }
    }
  },
  "requirements": [
    [
      "has_weeping_vines",
      "has_the_recipe"
    ]
  ]
}