{
  "parent": "minecraft:recipes/root",
  "rewards": {
    "recipes": [
      "recipe_tweaks:stick_from_saplings"
    ]
  },
  "criteria": {
    "has_sapling": {
      "trigger": "minecraft:inventory_changed",
      "conditions": {
        "items": [
          {
			"tag": "minecraft:saplings"
          }
        ]
      }
    },
    "has_the_recipe": {
      "trigger": "minecraft:recipe_unlocked",
      "conditions": {
        "recipe": "recipe_tweaks:stick_from_saplings"
      }
    }
  },
  "requirements": [
    [
      "has_sapling",
      "has_the_recipe"
    ]
  ]
}