{
  "display": {
		"title": {
		  "translate": "Dyebolical",
		"color": "gold",
        "bold": false,
        "italic": false,
        "underlined": false,
        "strikethrough": false,
        "obfuscated": false
		},
		"description": {
		  "translate": "Collect one of every type of dye obtainable in the Nether",
		"color": "yellow",
        "bold": false,
        "italic": false,
        "underlined": false,
        "strikethrough": false,
        "obfuscated": false},
        "icon": {
            "item": "minecraft:light_gray_dye"
        },
        "frame": "challenge",
        "show_toast": true,
        "announce_to_chat": true,
        "hidden": false
  },
  "parent": "overskip:nether_foliage",
  "criteria": {
    "pink_dye": {
      "trigger": "minecraft:inventory_changed",
      "conditions": {
        "items": [
          {
             "items": [
				"minecraft:pink_dye"
				]
			}
        ]
      }
    },
    "white_dye": {
      "trigger": "minecraft:inventory_changed",
      "conditions": {
        "items": [
          {
            "items": [
				"minecraft:white_dye"
				]
			}
        ]
      }
    },
    "orange_dye": {
      "trigger": "minecraft:inventory_changed",
      "conditions": {
        "items": [
          {
             "items": [
				"minecraft:orange_dye"
			]
          }
        ]
      }
    },
    "yellow_dye": {
      "trigger": "minecraft:inventory_changed",
      "conditions": {
        "items": [
          {
             "items": [
				"minecraft:yellow_dye"
			]
          }
        ]
      }
    },
    "cyan_dye": {
      "trigger": "minecraft:inventory_changed",
      "conditions": {
        "items": [
          {
             "items": [
				"minecraft:cyan_dye"
			]
          }
        ]
      }
    },
    "brown_dye": {
      "trigger": "minecraft:inventory_changed",
      "conditions": {
        "items": [
          {
             "items": [
				"minecraft:brown_dye"
			]
          }
        ]
      }
    },
    "light_gray_dye": {
      "trigger": "minecraft:inventory_changed",
      "conditions": {
        "items": [
          {
             "items": [
				"minecraft:light_gray_dye"
			]
          }
        ]
      }
    },
    "black_dye": {
      "trigger": "minecraft:inventory_changed",
      "conditions": {
        "items": [
          {
             "items": [
				"minecraft:black_dye"
			]
          }
        ]
      }
    },
    "gray_dye": {
      "trigger": "minecraft:inventory_changed",
      "conditions": {
        "items": [
          {
             "items": [
				"minecraft:gray_dye"
			]
          }
        ]
      }
    },
    "red_dye": {
      "trigger": "minecraft:inventory_changed",
      "conditions": {
        "items": [
          {
             "items": [
				"minecraft:red_dye"
			]
          }
        ]
      }
    }
  },
  "requirements": [
    [
      "white_dye"
    ],
    [
      "pink_dye"
    ],
    [
      "red_dye"
    ],
    [
      "orange_dye"
    ],
    [
      "yellow_dye"
    ],
    [
      "brown_dye"
    ],
    [
      "black_dye"
    ],
    [
      "gray_dye"
    ],
    [
      "light_gray_dye"
    ],
    [
      "cyan_dye"
    ]
  ]
}