{
  "parent": "minecraft:recipes/root",
  "rewards": {
    "recipes": [
      "recipe_tweaks:cyan_dye_from_warped_roots"
    ]
  },
  "criteria": {
    "has_warped_roots": {
      "trigger": "minecraft:inventory_changed",
      "conditions": {
        "items": [
          {
            "items": [
              "minecraft:warped_roots"
            ]
          }
        ]
      }
    },
    "has_the_recipe": {
      "trigger": "minecraft:recipe_unlocked",
      "conditions": {
        "recipe": "recipe_tweaks:cyan_dye_from_warped_roots"
      }
    }
  },
  "requirements": [
    [
      "has_warped_roots",
      "has_the_recipe"
    ]
  ]
}