{
  "parent": "minecraft:recipes/root",
  "rewards": {
    "recipes": [
      "recipe_tweaks:iron_horse_armor"
    ]
  },
  "criteria": {
    "has_iron": {
      "trigger": "minecraft:inventory_changed",
      "conditions": {
        "items": [
          {
            "items": [
              "minecraft:iron_ingot"
            ]
          }
        ]
      }
    },
    "has_the_recipe": {
      "trigger": "minecraft:recipe_unlocked",
      "conditions": {
        "recipe": "recipe_tweaks:iron_horse_armor"
      }
    }
  },
  "requirements": [
    [
      "has_iron",
      "has_the_recipe"
    ]
  ]
}